sparktrain,~
Fiend Hound,@
Antgeezy,&
WaterlessMelon,@
Chromatic Art,%
Corporal Levi,@
kingmidas,+
zeriloa,&
Little Kingdom,+
gangsterish,@
Splashyship,+
Champion Fizz,+
Nineage,&
Nudisto,@
Amp Pharaohs,@
firebreathingyoshi,+
stoner linoone,%
BorealisTV,%
BurgerCarbink,+
manana,@
vicious spell,+
salty nerd,+
HeaLnDeaL,+
Axal Blaze,+
Pradham,+
MelonOfTheGods,+
nervous shitter,~
QueenSylveon <3,+
Karlpower,+
sparkbot,@
Aerow,%
Vileman,+
dsr95,+
Krubby,+
Goomyswagg,+
M@naphy,+
aoemica,+
Dhaora,+
QuoteCS,+
TheFenderStory,~
Apt-get,+
madoka,@
Stоrm Ѕkyrеss,+
Arikado,@
Based Kernsy,+
ToxicPoison,+
